INSERT INTO users (id, name, age) VALUES
  (1, 'Albert', 42),
  (2, 'Barry', 20),
  (3, 'Camilla', 15),
  (4, 'Derek', 34),
  (5, 'Erin', 32),
  (6, 'Frederick', 60),
  (7, 'Hannah', 26),
  (8, 'Ivan', 76),
  (9, 'Jennifer', 45),
  (10, 'Karen', 53),
  (11, 'Liam', 29),
  (12, 'Gerald', 32),
  (13, 'Marigold', 35),
  (14, 'Nathan', 22),
  (15, 'Octavia', 35),
  (16, 'Penelope', 54),
  (17, 'Rachel', 42),
  (18, 'Sam', 67),
  (19, 'Trina', 25),
  (20, 'Wendy', 82);


INSERT INTO projects (id, title, category, funding_goal, start_date, end_date) VALUES
(1, 'robot ball', 'pets', 1200.00, '2012-03', '2012-04'),
(2, 'fancy bag', 'fashion', 8000.00, '2013-11', '2014-02'),
(3, 'bulletproof coffee', 'food', 300.00, '2016-03', '2016-05'),
(4, 'keto granola', 'food', 1000.00, '2016-03', '2012-05'),
(5, 'hemp sneaker', 'fashion', 2000.00, '2019-03', '2019-08'),
(6, 'berries', 'food', 120.00, '2012-03', '2012-04'),
(7, 'robot ball', 'pets', 1200.00, '2012-03', '2012-04'),
(8, 'robot ball', 'pets', 1200.00, '2012-03', '2012-04'),
(9, 'robot ball', 'pets', 1200.00, '2012-03', '2012-04'),
(10,'robot ball', 'pets', 1200.00, '2012-03', '2012-04');
--
--
INSERT INTO pledges (id, amount, user_id, project_id) VALUES
(1, 30.00, 1, 10),
(2, 50.00, 9, 9),
(3, 300.00, 3, 8),
(4, 900.00, 4, 7),
(5, 80.00, 5, 6),
(6, 900.00, 6, 5),
(7, 308.00, 7, 4),
(8, 345.00, 8, 3),
(9, 765.00, 9, 2),
(10, 324.00, 10, 1),
(11, 10.00, 11, 9),
(12, 135.00, 12, 7),
(13, 988.00, 13, 5),
(14, 90.00, 14, 3),
(15, 723.00, 15, 1),
(16, 769.00, 16, 2),
(17, 950.00, 17, 4),
(18, 980.00, 18, 6),
(19, 543.00, 19, 8),
(20, 98.00, 20, 10),
(21, 905.00, 1, 1),
(22, 231.00, 2, 2),
(23, 112.00, 3, 3),
(24, 876.00, 4, 4),
(25, 650.00, 5, 5),
(26, 569.00, 6, 6),
(27, 980.00, 7, 7),
(28, 10.00, 8, 8),
(29, 35.00, 9, 9),
(30, 96.00, 10, 10);
